iteration,current_hpwl,best_hpwl,current_overflow,best_overflow,current_feasible,best_feasible
1,242935.8052842037,242935.8052842037,0.0,0.0,1,1
2,242247.8052842037,242247.8052842037,0.0,0.0,1,1
3,241609.48817718672,241609.48817718672,0.0,0.0,1,1
4,241321.08553508486,241321.08553508486,0.0,0.0,1,1
5,241263.58553508486,241263.58553508486,0.0,0.0,1,1
6,241263.58553508486,241263.58553508486,0.0,0.0,1,1
7,243298.5855350849,241263.58553508486,0.0,0.0,1,1
8,243298.5855350849,241263.58553508486,0.0,0.0,1,1
9,244033.5855350849,241263.58553508486,0.0,0.0,1,1
10,244033.5855350849,241263.58553508486,0.0,0.0,1,1
11,244033.5855350849,241263.58553508486,0.0,0.0,1,1
12,250334.32962367823,241263.58553508486,0.0,0.0,1,1
13,250334.32962367823,241263.58553508486,0.0,0.0,1,1
14,250334.32962367823,241263.58553508486,0.0,0.0,1,1
15,250334.32962367823,241263.58553508486,0.0,0.0,1,1
16,250445.32962367823,241263.58553508486,0.0,0.0,1,1
17,250445.32962367823,241263.58553508486,0.0,0.0,1,1
18,250445.32962367823,241263.58553508486,0.0,0.0,1,1
19,250445.32962367823,241263.58553508486,0.0,0.0,1,1
20,250445.32962367823,241263.58553508486,0.0,0.0,1,1
21,250445.32962367823,241263.58553508486,0.0,0.0,1,1
22,250445.32962367823,241263.58553508486,0.0,0.0,1,1
23,250387.01251666126,241263.58553508486,0.0,0.0,1,1
24,250387.01251666126,241263.58553508486,0.0,0.0,1,1
25,250938.51251666126,241263.58553508486,0.0,0.0,1,1
26,250938.51251666126,241263.58553508486,0.0,0.0,1,1
27,251006.51251666126,241263.58553508486,0.0,0.0,1,1
28,251006.51251666126,241263.58553508486,0.0,0.0,1,1
29,251263.51251666126,241263.58553508486,0.0,0.0,1,1
30,253688.3539631528,241263.58553508486,0.0,0.0,1,1
31,253668.3539631528,241263.58553508486,0.0,0.0,1,1
32,253461.3539631528,241263.58553508486,0.0,0.0,1,1
33,253422.3539631528,241263.58553508486,0.0,0.0,1,1
34,254015.67107016974,241263.58553508486,0.0,0.0,1,1
35,254015.67107016974,241263.58553508486,0.0,0.0,1,1
36,254015.67107016974,241263.58553508486,0.0,0.0,1,1
37,254029.67107016974,241263.58553508486,0.0,0.0,1,1
38,256278.32962367823,241263.58553508486,0.0,0.0,1,1
39,258084.82962367823,241263.58553508486,0.0,0.0,1,1
40,258084.82962367823,241263.58553508486,0.0,0.0,1,1
41,258282.82962367823,241263.58553508486,0.0,0.0,1,1
42,257019.32962367823,241263.58553508486,0.0,0.0,1,1
43,254598.82962367823,241263.58553508486,0.0,0.0,1,1
44,253494.82962367823,241263.58553508486,0.0,0.0,1,1
45,253494.82962367823,241263.58553508486,0.0,0.0,1,1
46,252553.32962367823,241263.58553508486,0.0,0.0,1,1
47,250765.32962367823,241263.58553508486,0.0,0.0,1,1
48,249868.32962367823,241263.58553508486,0.0,0.0,1,1
49,249732.82962367823,241263.58553508486,0.0,0.0,1,1
50,249732.82962367823,241263.58553508486,0.0,0.0,1,1
51,249923.32962367823,241263.58553508486,0.0,0.0,1,1
52,249456.32962367823,241263.58553508486,0.0,0.0,1,1
53,248277.32962367823,241263.58553508486,0.0,0.0,1,1
54,248277.32962367823,241263.58553508486,0.0,0.0,1,1
55,248277.32962367823,241263.58553508486,0.0,0.0,1,1
56,248277.32962367823,241263.58553508486,0.0,0.0,1,1
57,248867.01251666126,241263.58553508486,0.0,0.0,1,1
58,248867.01251666126,241263.58553508486,0.0,0.0,1,1
59,250189.51251666126,241263.58553508486,0.0,0.0,1,1
60,250189.51251666126,241263.58553508486,0.0,0.0,1,1
61,254159.90264210186,241263.58553508486,0.0,0.0,1,1
62,254159.90264210186,241263.58553508486,0.0,0.0,1,1
63,253866.24408859335,241263.58553508486,0.0,0.0,1,1
64,253866.24408859335,241263.58553508486,0.0,0.0,1,1
65,253866.24408859335,241263.58553508486,0.0,0.0,1,1
66,253810.24408859335,241263.58553508486,0.0,0.0,1,1
67,253810.24408859335,241263.58553508486,0.0,0.0,1,1
68,254170.24408859335,241263.58553508486,0.0,0.0,1,1
69,253680.29276754244,241263.58553508486,0.0,0.0,1,1
70,255104.7684280679,241263.58553508486,0.0,0.0,1,1
71,256117.95132105093,241263.58553508486,0.0,0.0,1,1
72,256117.95132105093,241263.58553508486,0.0,0.0,1,1
73,256640.45132105093,241263.58553508486,0.0,0.0,1,1
74,256640.45132105093,241263.58553508486,0.0,0.0,1,1
75,256450.01251666126,241263.58553508486,0.0,0.0,1,1
76,256450.01251666126,241263.58553508486,0.0,0.0,1,1
77,256758.01251666126,241263.58553508486,0.0,0.0,1,1
78,256579.69540964428,241263.58553508486,0.0,0.0,1,1
79,256579.69540964428,241263.58553508486,0.0,0.0,1,1
80,255991.19540964428,241263.58553508486,0.0,0.0,1,1
81,255475.69540964428,241263.58553508486,0.0,0.0,1,1
82,255579.69540964428,241263.58553508486,0.0,0.0,1,1
83,255545.19540964428,241263.58553508486,0.0,0.0,1,1
84,255545.19540964428,241263.58553508486,0.0,0.0,1,1
85,255545.19540964428,241263.58553508486,0.0,0.0,1,1
86,255545.19540964428,241263.58553508486,0.0,0.0,1,1
87,256018.8783026273,241263.58553508486,0.0,0.0,1,1
88,255545.19540964428,241263.58553508486,0.0,0.0,1,1
89,255545.19540964428,241263.58553508486,0.0,0.0,1,1
90,257584.51251666126,241263.58553508486,0.0,0.0,1,1
91,257697.01251666126,241263.58553508486,0.0,0.0,1,1
92,257697.01251666126,241263.58553508486,0.0,0.0,1,1
93,258370.51251666126,241263.58553508486,0.0,0.0,1,1
94,258370.51251666126,241263.58553508486,0.0,0.0,1,1
95,258370.51251666126,241263.58553508486,0.0,0.0,1,1
96,258711.6467306952,241263.58553508486,0.0,0.0,1,1
97,258711.6467306952,241263.58553508486,0.0,0.0,1,1
98,258711.6467306952,241263.58553508486,0.0,0.0,1,1
99,258711.6467306952,241263.58553508486,0.0,0.0,1,1
100,258711.6467306952,241263.58553508486,0.0,0.0,1,1
101,260630.01251666126,241263.58553508486,0.0,0.0,1,1
102,260987.01251666126,241263.58553508486,0.0,0.0,1,1
103,256647.19540964428,241263.58553508486,0.0,0.0,1,1
104,256430.3783026273,241263.58553508486,0.0,0.0,1,1
105,258725.3783026273,241263.58553508486,0.0,0.0,1,1
106,258567.8783026273,241263.58553508486,0.0,0.0,1,1
107,258567.8783026273,241263.58553508486,0.0,0.0,1,1
108,258567.8783026273,241263.58553508486,0.0,0.0,1,1
109,258899.3783026273,241263.58553508486,0.0,0.0,1,1
110,258993.3783026273,241263.58553508486,0.0,0.0,1,1
111,258993.3783026273,241263.58553508486,0.0,0.0,1,1
112,258993.3783026273,241263.58553508486,0.0,0.0,1,1
113,258993.3783026273,241263.58553508486,0.0,0.0,1,1
114,258726.8783026273,241263.58553508486,0.0,0.0,1,1
115,258726.8783026273,241263.58553508486,0.0,0.0,1,1
116,258726.8783026273,241263.58553508486,0.0,0.0,1,1
117,258647.3783026273,241263.58553508486,0.0,0.0,1,1
118,258647.3783026273,241263.58553508486,0.0,0.0,1,1
119,257663.19540964428,241263.58553508486,0.0,0.0,1,1
120,257663.19540964428,241263.58553508486,0.0,0.0,1,1
121,257663.19540964428,241263.58553508486,0.0,0.0,1,1
122,257663.19540964428,241263.58553508486,0.0,0.0,1,1
123,257663.19540964428,241263.58553508486,0.0,0.0,1,1
124,257266.51251666126,241263.58553508486,0.0,0.0,1,1
125,257266.51251666126,241263.58553508486,0.0,0.0,1,1
126,257633.51251666126,241263.58553508486,0.0,0.0,1,1
127,256786.51251666126,241263.58553508486,0.0,0.0,1,1
128,256811.8783026273,241263.58553508486,0.0,0.0,1,1
129,256811.8783026273,241263.58553508486,0.0,0.0,1,1
130,256811.8783026273,241263.58553508486,0.0,0.0,1,1
131,257415.3783026273,241263.58553508486,0.0,0.0,1,1
132,257415.3783026273,241263.58553508486,0.0,0.0,1,1
133,257709.3783026273,241263.58553508486,0.0,0.0,1,1
134,257709.3783026273,241263.58553508486,0.0,0.0,1,1
135,257709.3783026273,241263.58553508486,0.0,0.0,1,1
136,257709.3783026273,241263.58553508486,0.0,0.0,1,1
137,257856.74408859335,241263.58553508486,0.0,0.0,1,1
138,256404.24408859335,241263.58553508486,0.0,0.0,1,1
139,254640.56119561032,241263.58553508486,0.0,0.0,1,1
140,254640.56119561032,241263.58553508486,0.0,0.0,1,1
141,254640.56119561032,241263.58553508486,0.0,0.0,1,1
142,255399.74408859335,241263.58553508486,0.0,0.0,1,1
143,255399.74408859335,241263.58553508486,0.0,0.0,1,1
144,255399.74408859335,241263.58553508486,0.0,0.0,1,1
145,255399.74408859335,241263.58553508486,0.0,0.0,1,1
146,255399.74408859335,241263.58553508486,0.0,0.0,1,1
147,255399.74408859335,241263.58553508486,0.0,0.0,1,1
148,255399.74408859335,241263.58553508486,0.0,0.0,1,1
149,255399.74408859335,241263.58553508486,0.0,0.0,1,1
150,255399.74408859335,241263.58553508486,0.0,0.0,1,1
151,255399.74408859335,241263.58553508486,0.0,0.0,1,1
152,255399.74408859335,241263.58553508486,0.0,0.0,1,1
153,255399.74408859335,241263.58553508486,0.0,0.0,1,1
154,255399.74408859335,241263.58553508486,0.0,0.0,1,1
155,255399.74408859335,241263.58553508486,0.0,0.0,1,1
156,254244.24408859335,241263.58553508486,0.0,0.0,1,1
157,254159.74408859335,241263.58553508486,0.0,0.0,1,1
158,255008.45132105093,241263.58553508486,0.0,0.0,1,1
159,256596.45132105093,241263.58553508486,0.0,0.0,1,1
160,256587.95132105093,241263.58553508486,0.0,0.0,1,1
161,256587.95132105093,241263.58553508486,0.0,0.0,1,1
162,256587.95132105093,241263.58553508486,0.0,0.0,1,1
163,256587.95132105093,241263.58553508486,0.0,0.0,1,1
164,256587.95132105093,241263.58553508486,0.0,0.0,1,1
165,256587.95132105093,241263.58553508486,0.0,0.0,1,1
166,256352.63421403395,241263.58553508486,0.0,0.0,1,1
167,257675.29276754244,241263.58553508486,0.0,0.0,1,1
168,257170.29276754244,241263.58553508486,0.0,0.0,1,1
169,257170.29276754244,241263.58553508486,0.0,0.0,1,1
170,263873.5,241263.58553508486,0.0,0.0,1,1
171,263873.5,241263.58553508486,0.0,0.0,1,1
172,263873.5,241263.58553508486,0.0,0.0,1,1
173,267762.5,241263.58553508486,0.0,0.0,1,1
174,267762.5,241263.58553508486,0.0,0.0,1,1
175,268100.5,241263.58553508486,0.0,0.0,1,1
176,268100.5,241263.58553508486,0.0,0.0,1,1
177,269435.5,241263.58553508486,0.0,0.0,1,1
178,269435.5,241263.58553508486,0.0,0.0,1,1
179,269435.5,241263.58553508486,0.0,0.0,1,1
180,269435.5,241263.58553508486,0.0,0.0,1,1
181,269435.5,241263.58553508486,0.0,0.0,1,1
182,269435.5,241263.58553508486,0.0,0.0,1,1
183,268100.0,241263.58553508486,0.0,0.0,1,1
184,269307.5,241263.58553508486,0.0,0.0,1,1
185,269307.5,241263.58553508486,0.0,0.0,1,1
186,269272.5,241263.58553508486,0.0,0.0,1,1
187,269272.5,241263.58553508486,0.0,0.0,1,1
188,269272.5,241263.58553508486,0.0,0.0,1,1
189,269272.5,241263.58553508486,0.0,0.0,1,1
190,268951.0,241263.58553508486,0.0,0.0,1,1
191,269248.5,241263.58553508486,0.0,0.0,1,1
192,269379.0,241263.58553508486,0.0,0.0,1,1
193,269068.0,241263.58553508486,0.0,0.0,1,1
194,267034.0,241263.58553508486,0.0,0.0,1,1
195,266586.0,241263.58553508486,0.0,0.0,1,1
196,266586.0,241263.58553508486,0.0,0.0,1,1
197,267389.0,241263.58553508486,0.0,0.0,1,1
198,267389.0,241263.58553508486,0.0,0.0,1,1
199,267399.5,241263.58553508486,0.0,0.0,1,1
200,266479.5,241263.58553508486,0.0,0.0,1,1
201,266914.0,241263.58553508486,0.0,0.0,1,1
202,266914.0,241263.58553508486,0.0,0.0,1,1
203,266914.0,241263.58553508486,0.0,0.0,1,1
204,264923.317107017,241263.58553508486,0.0,0.0,1,1
205,264668.317107017,241263.58553508486,0.0,0.0,1,1
206,264872.317107017,241263.58553508486,0.0,0.0,1,1
207,264872.317107017,241263.58553508486,0.0,0.0,1,1
208,264908.317107017,241263.58553508486,0.0,0.0,1,1
209,264908.317107017,241263.58553508486,0.0,0.0,1,1
210,264908.317107017,241263.58553508486,0.0,0.0,1,1
211,264509.317107017,241263.58553508486,0.0,0.0,1,1
212,264297.317107017,241263.58553508486,0.0,0.0,1,1
213,267140.5,241263.58553508486,0.0,0.0,1,1
214,267140.5,241263.58553508486,0.0,0.0,1,1
215,267140.5,241263.58553508486,0.0,0.0,1,1
216,267140.5,241263.58553508486,0.0,0.0,1,1
217,267101.0,241263.58553508486,0.0,0.0,1,1
218,267101.0,241263.58553508486,0.0,0.0,1,1
219,267101.0,241263.58553508486,0.0,0.0,1,1
220,269898.5,241263.58553508486,0.0,0.0,1,1
221,270731.5,241263.58553508486,0.0,0.0,1,1
222,270731.5,241263.58553508486,0.0,0.0,1,1
223,272424.5,241263.58553508486,0.0,0.0,1,1
224,272424.5,241263.58553508486,0.0,0.0,1,1
225,272424.5,241263.58553508486,0.0,0.0,1,1
226,272424.5,241263.58553508486,0.0,0.0,1,1
227,272424.5,241263.58553508486,0.0,0.0,1,1
228,272544.0,241263.58553508486,0.0,0.0,1,1
229,272886.0,241263.58553508486,0.0,0.0,1,1
230,272886.0,241263.58553508486,0.0,0.0,1,1
231,272886.0,241263.58553508486,0.0,0.0,1,1
232,272886.0,241263.58553508486,0.0,0.0,1,1
233,272886.0,241263.58553508486,0.0,0.0,1,1
234,272780.0,241263.58553508486,0.0,0.0,1,1
235,272416.0,241263.58553508486,0.0,0.0,1,1
236,272416.0,241263.58553508486,0.0,0.0,1,1
237,273496.0,241263.58553508486,0.0,0.0,1,1
238,273496.0,241263.58553508486,0.0,0.0,1,1
239,273496.0,241263.58553508486,0.0,0.0,1,1
240,273496.0,241263.58553508486,0.0,0.0,1,1
241,273496.0,241263.58553508486,0.0,0.0,1,1
242,273496.0,241263.58553508486,0.0,0.0,1,1
243,273496.0,241263.58553508486,0.0,0.0,1,1
244,273496.0,241263.58553508486,0.0,0.0,1,1
245,273856.0,241263.58553508486,0.0,0.0,1,1
246,273856.0,241263.58553508486,0.0,0.0,1,1
247,273856.0,241263.58553508486,0.0,0.0,1,1
248,273521.0,241263.58553508486,0.0,0.0,1,1
249,273521.0,241263.58553508486,0.0,0.0,1,1
250,272768.0,241263.58553508486,0.0,0.0,1,1
251,272768.0,241263.58553508486,0.0,0.0,1,1
252,272768.0,241263.58553508486,0.0,0.0,1,1
253,272775.5,241263.58553508486,0.0,0.0,1,1
254,272775.5,241263.58553508486,0.0,0.0,1,1
255,273606.0,241263.58553508486,0.0,0.0,1,1
256,273606.0,241263.58553508486,0.0,0.0,1,1
257,273592.0,241263.58553508486,0.0,0.0,1,1
258,273617.0,241263.58553508486,0.0,0.0,1,1
259,273617.0,241263.58553508486,0.0,0.0,1,1
260,273617.0,241263.58553508486,0.0,0.0,1,1
261,273617.0,241263.58553508486,0.0,0.0,1,1
262,273617.0,241263.58553508486,0.0,0.0,1,1
263,273803.0,241263.58553508486,0.0,0.0,1,1
264,273803.0,241263.58553508486,0.0,0.0,1,1
265,274035.0,241263.58553508486,0.0,0.0,1,1
266,274035.0,241263.58553508486,0.0,0.0,1,1
267,274035.0,241263.58553508486,0.0,0.0,1,1
268,274035.0,241263.58553508486,0.0,0.0,1,1
269,278279.0,241263.58553508486,0.0,0.0,1,1
270,278279.0,241263.58553508486,0.0,0.0,1,1
271,278246.0,241263.58553508486,0.0,0.0,1,1
272,278246.0,241263.58553508486,0.0,0.0,1,1
273,278246.0,241263.58553508486,0.0,0.0,1,1
274,278246.0,241263.58553508486,0.0,0.0,1,1
275,278246.0,241263.58553508486,0.0,0.0,1,1
276,278246.0,241263.58553508486,0.0,0.0,1,1
277,278246.0,241263.58553508486,0.0,0.0,1,1
278,278720.0,241263.58553508486,0.0,0.0,1,1
279,278720.0,241263.58553508486,0.0,0.0,1,1
280,278763.0,241263.58553508486,0.0,0.0,1,1
281,277962.5,241263.58553508486,0.0,0.0,1,1
282,277962.5,241263.58553508486,0.0,0.0,1,1
283,277962.5,241263.58553508486,0.0,0.0,1,1
284,278610.5,241263.58553508486,0.0,0.0,1,1
285,278610.5,241263.58553508486,0.0,0.0,1,1
286,278310.5,241263.58553508486,0.0,0.0,1,1
287,278310.5,241263.58553508486,0.0,0.0,1,1
288,278228.5,241263.58553508486,0.0,0.0,1,1
289,278228.5,241263.58553508486,0.0,0.0,1,1
290,279030.0,241263.58553508486,0.0,0.0,1,1
291,279030.0,241263.58553508486,0.0,0.0,1,1
292,279030.0,241263.58553508486,0.0,0.0,1,1
293,279022.5,241263.58553508486,0.0,0.0,1,1
294,279022.5,241263.58553508486,0.0,0.0,1,1
295,279037.5,241263.58553508486,0.0,0.0,1,1
296,279037.5,241263.58553508486,0.0,0.0,1,1
297,279037.5,241263.58553508486,0.0,0.0,1,1
298,282159.0,241263.58553508486,0.0,0.0,1,1
299,282159.0,241263.58553508486,0.0,0.0,1,1
300,282159.0,241263.58553508486,0.0,0.0,1,1
301,282159.0,241263.58553508486,0.0,0.0,1,1
302,282159.0,241263.58553508486,0.0,0.0,1,1
303,282159.0,241263.58553508486,0.0,0.0,1,1
304,282159.0,241263.58553508486,0.0,0.0,1,1
305,281873.5,241263.58553508486,0.0,0.0,1,1
306,282594.0,241263.58553508486,0.0,0.0,1,1
307,282594.0,241263.58553508486,0.0,0.0,1,1
308,282594.0,241263.58553508486,0.0,0.0,1,1
309,282594.0,241263.58553508486,0.0,0.0,1,1
310,282594.0,241263.58553508486,0.0,0.0,1,1
311,282777.0,241263.58553508486,0.0,0.0,1,1
312,282777.0,241263.58553508486,0.0,0.0,1,1
313,282777.0,241263.58553508486,0.0,0.0,1,1
314,282777.0,241263.58553508486,0.0,0.0,1,1
315,282760.0,241263.58553508486,0.0,0.0,1,1
316,282760.0,241263.58553508486,0.0,0.0,1,1
317,282760.0,241263.58553508486,0.0,0.0,1,1
318,282420.5,241263.58553508486,0.0,0.0,1,1
319,282420.5,241263.58553508486,0.0,0.0,1,1
320,282420.5,241263.58553508486,0.0,0.0,1,1
321,282420.5,241263.58553508486,0.0,0.0,1,1
322,282938.5,241263.58553508486,0.0,0.0,1,1
323,282938.5,241263.58553508486,0.0,0.0,1,1
324,282938.5,241263.58553508486,0.0,0.0,1,1
325,282938.5,241263.58553508486,0.0,0.0,1,1
326,282938.5,241263.58553508486,0.0,0.0,1,1
327,282347.5,241263.58553508486,0.0,0.0,1,1
328,282347.5,241263.58553508486,0.0,0.0,1,1
329,282347.5,241263.58553508486,0.0,0.0,1,1
330,282564.5,241263.58553508486,0.0,0.0,1,1
331,282564.5,241263.58553508486,0.0,0.0,1,1
332,282528.5,241263.58553508486,0.0,0.0,1,1
333,283601.0,241263.58553508486,0.0,0.0,1,1
334,282836.0,241263.58553508486,0.0,0.0,1,1
335,282836.0,241263.58553508486,0.0,0.0,1,1
336,283156.5,241263.58553508486,0.0,0.0,1,1
337,282777.5,241263.58553508486,0.0,0.0,1,1
338,282777.5,241263.58553508486,0.0,0.0,1,1
339,282672.0,241263.58553508486,0.0,0.0,1,1
340,282501.5,241263.58553508486,0.0,0.0,1,1
341,282501.5,241263.58553508486,0.0,0.0,1,1
342,282501.5,241263.58553508486,0.0,0.0,1,1
343,282808.5,241263.58553508486,0.0,0.0,1,1
344,282808.5,241263.58553508486,0.0,0.0,1,1
345,282808.5,241263.58553508486,0.0,0.0,1,1
346,282808.5,241263.58553508486,0.0,0.0,1,1
347,283356.0,241263.58553508486,0.0,0.0,1,1
348,283356.0,241263.58553508486,0.0,0.0,1,1
349,283624.0,241263.58553508486,0.0,0.0,1,1
350,283624.0,241263.58553508486,0.0,0.0,1,1
351,285486.5,241263.58553508486,0.0,0.0,1,1
352,285486.5,241263.58553508486,0.0,0.0,1,1
353,285486.5,241263.58553508486,0.0,0.0,1,1
354,285978.5,241263.58553508486,0.0,0.0,1,1
355,286330.5,241263.58553508486,0.0,0.0,1,1
356,286385.0,241263.58553508486,0.0,0.0,1,1
357,286385.0,241263.58553508486,0.0,0.0,1,1
358,286385.0,241263.58553508486,0.0,0.0,1,1
359,286385.0,241263.58553508486,0.0,0.0,1,1
360,286312.0,241263.58553508486,0.0,0.0,1,1
361,286312.0,241263.58553508486,0.0,0.0,1,1
362,285346.0,241263.58553508486,0.0,0.0,1,1
363,285346.0,241263.58553508486,0.0,0.0,1,1
364,285346.0,241263.58553508486,0.0,0.0,1,1
365,284728.5,241263.58553508486,0.0,0.0,1,1
366,286635.5,241263.58553508486,0.0,0.0,1,1
367,286635.5,241263.58553508486,0.0,0.0,1,1
368,286635.5,241263.58553508486,0.0,0.0,1,1
369,286635.5,241263.58553508486,0.0,0.0,1,1
370,286635.5,241263.58553508486,0.0,0.0,1,1
371,287213.0,241263.58553508486,0.0,0.0,1,1
372,288042.0,241263.58553508486,0.0,0.0,1,1
373,288042.0,241263.58553508486,0.0,0.0,1,1
374,287379.5,241263.58553508486,0.0,0.0,1,1
375,287379.5,241263.58553508486,0.0,0.0,1,1
376,287379.5,241263.58553508486,0.0,0.0,1,1
377,286902.5,241263.58553508486,0.0,0.0,1,1
378,287379.5,241263.58553508486,0.0,0.0,1,1
379,287379.5,241263.58553508486,0.0,0.0,1,1
380,286369.0,241263.58553508486,0.0,0.0,1,1
381,284754.0,241263.58553508486,0.0,0.0,1,1
382,284754.0,241263.58553508486,0.0,0.0,1,1
383,284383.0,241263.58553508486,0.0,0.0,1,1
384,284383.0,241263.58553508486,0.0,0.0,1,1
385,284383.0,241263.58553508486,0.0,0.0,1,1
386,284383.0,241263.58553508486,0.0,0.0,1,1
387,284383.0,241263.58553508486,0.0,0.0,1,1
388,284676.0,241263.58553508486,0.0,0.0,1,1
389,285938.0,241263.58553508486,0.0,0.0,1,1
390,285828.5,241263.58553508486,0.0,0.0,1,1
391,285828.5,241263.58553508486,0.0,0.0,1,1
392,285828.5,241263.58553508486,0.0,0.0,1,1
393,285828.5,241263.58553508486,0.0,0.0,1,1
394,284961.5,241263.58553508486,0.0,0.0,1,1
395,284961.5,241263.58553508486,0.0,0.0,1,1
396,284691.0,241263.58553508486,0.0,0.0,1,1
397,285475.0,241263.58553508486,0.0,0.0,1,1
398,288708.0,241263.58553508486,0.0,0.0,1,1
399,284666.0,241263.58553508486,0.0,0.0,1,1
400,287642.5,241263.58553508486,0.0,0.0,1,1
401,287642.5,241263.58553508486,0.0,0.0,1,1
402,287642.5,241263.58553508486,0.0,0.0,1,1
403,287949.5,241263.58553508486,0.0,0.0,1,1
404,288216.5,241263.58553508486,0.0,0.0,1,1
405,288216.5,241263.58553508486,0.0,0.0,1,1
406,289543.0,241263.58553508486,0.0,0.0,1,1
407,289543.0,241263.58553508486,0.0,0.0,1,1
408,289543.0,241263.58553508486,0.0,0.0,1,1
409,289811.5,241263.58553508486,0.0,0.0,1,1
410,289048.0,241263.58553508486,0.0,0.0,1,1
411,289048.0,241263.58553508486,0.0,0.0,1,1
412,289048.0,241263.58553508486,0.0,0.0,1,1
413,289048.0,241263.58553508486,0.0,0.0,1,1
414,289048.0,241263.58553508486,0.0,0.0,1,1
415,289048.0,241263.58553508486,0.0,0.0,1,1
416,289048.0,241263.58553508486,0.0,0.0,1,1
417,289048.0,241263.58553508486,0.0,0.0,1,1
418,288459.5,241263.58553508486,0.0,0.0,1,1
419,288459.5,241263.58553508486,0.0,0.0,1,1
420,287682.5,241263.58553508486,0.0,0.0,1,1
421,287217.5,241263.58553508486,0.0,0.0,1,1
422,285269.5855350849,241263.58553508486,0.0,0.0,1,1
423,285269.5855350849,241263.58553508486,0.0,0.0,1,1
424,285269.5855350849,241263.58553508486,0.0,0.0,1,1
425,285216.5855350849,241263.58553508486,0.0,0.0,1,1
426,285216.5855350849,241263.58553508486,0.0,0.0,1,1
427,285216.5855350849,241263.58553508486,0.0,0.0,1,1
428,285271.5855350849,241263.58553508486,0.0,0.0,1,1
429,285271.5855350849,241263.58553508486,0.0,0.0,1,1
430,284934.5855350849,241263.58553508486,0.0,0.0,1,1
431,286546.6098745594,241263.58553508486,0.0,0.0,1,1
432,286546.6098745594,241263.58553508486,0.0,0.0,1,1
433,287486.7927675424,241263.58553508486,0.0,0.0,1,1
434,287486.7927675424,241263.58553508486,0.0,0.0,1,1
435,285835.45132105093,241263.58553508486,0.0,0.0,1,1
436,285835.45132105093,241263.58553508486,0.0,0.0,1,1
437,285835.45132105093,241263.58553508486,0.0,0.0,1,1
438,285835.45132105093,241263.58553508486,0.0,0.0,1,1
439,285835.45132105093,241263.58553508486,0.0,0.0,1,1
440,285922.42698157637,241263.58553508486,0.0,0.0,1,1
441,285840.90264210186,241263.58553508486,0.0,0.0,1,1
442,285840.90264210186,241263.58553508486,0.0,0.0,1,1
443,285616.0855350849,241263.58553508486,0.0,0.0,1,1
444,285616.0855350849,241263.58553508486,0.0,0.0,1,1
445,282601.0855350849,241263.58553508486,0.0,0.0,1,1
446,281227.5855350849,241263.58553508486,0.0,0.0,1,1
447,281227.5855350849,241263.58553508486,0.0,0.0,1,1
448,281219.5855350849,241263.58553508486,0.0,0.0,1,1
449,281219.5855350849,241263.58553508486,0.0,0.0,1,1
450,281219.5855350849,241263.58553508486,0.0,0.0,1,1
451,281219.5855350849,241263.58553508486,0.0,0.0,1,1
452,281219.5855350849,241263.58553508486,0.0,0.0,1,1
453,281219.5855350849,241263.58553508486,0.0,0.0,1,1
454,280608.24408859335,241263.58553508486,0.0,0.0,1,1
455,281442.74408859335,241263.58553508486,0.0,0.0,1,1
456,281048.74408859335,241263.58553508486,0.0,0.0,1,1
457,281048.74408859335,241263.58553508486,0.0,0.0,1,1
458,281048.74408859335,241263.58553508486,0.0,0.0,1,1
459,281048.74408859335,241263.58553508486,0.0,0.0,1,1
460,281774.5611956103,241263.58553508486,0.0,0.0,1,1
461,281774.5611956103,241263.58553508486,0.0,0.0,1,1
462,281631.0611956103,241263.58553508486,0.0,0.0,1,1
463,281631.0611956103,241263.58553508486,0.0,0.0,1,1
464,281631.0611956103,241263.58553508486,0.0,0.0,1,1
465,281631.0611956103,241263.58553508486,0.0,0.0,1,1
466,281631.0611956103,241263.58553508486,0.0,0.0,1,1
467,281401.5611956103,241263.58553508486,0.0,0.0,1,1
468,283189.0611956103,241263.58553508486,0.0,0.0,1,1
469,283189.0611956103,241263.58553508486,0.0,0.0,1,1
470,283189.0611956103,241263.58553508486,0.0,0.0,1,1
471,283189.0611956103,241263.58553508486,0.0,0.0,1,1
472,282879.5611956103,241263.58553508486,0.0,0.0,1,1
473,282879.5611956103,241263.58553508486,0.0,0.0,1,1
474,282733.51251666126,241263.58553508486,0.0,0.0,1,1
475,282583.6954096443,241263.58553508486,0.0,0.0,1,1
476,282583.6954096443,241263.58553508486,0.0,0.0,1,1
477,282583.6954096443,241263.58553508486,0.0,0.0,1,1
478,282583.6954096443,241263.58553508486,0.0,0.0,1,1
479,282583.6954096443,241263.58553508486,0.0,0.0,1,1
480,282516.6954096443,241263.58553508486,0.0,0.0,1,1
481,282402.6954096443,241263.58553508486,0.0,0.0,1,1
482,282402.6954096443,241263.58553508486,0.0,0.0,1,1
483,282402.6954096443,241263.58553508486,0.0,0.0,1,1
484,282402.6954096443,241263.58553508486,0.0,0.0,1,1
485,282512.6954096443,241263.58553508486,0.0,0.0,1,1
486,281372.5368561358,241263.58553508486,0.0,0.0,1,1
487,282095.5611956103,241263.58553508486,0.0,0.0,1,1
488,282095.5611956103,241263.58553508486,0.0,0.0,1,1
489,281209.0611956103,241263.58553508486,0.0,0.0,1,1
490,281209.0611956103,241263.58553508486,0.0,0.0,1,1
491,282349.8783026273,241263.58553508486,0.0,0.0,1,1
492,282349.8783026273,241263.58553508486,0.0,0.0,1,1
493,282349.8783026273,241263.58553508486,0.0,0.0,1,1
494,282349.8783026273,241263.58553508486,0.0,0.0,1,1
495,282349.8783026273,241263.58553508486,0.0,0.0,1,1
496,282349.8783026273,241263.58553508486,0.0,0.0,1,1
497,282349.8783026273,241263.58553508486,0.0,0.0,1,1
498,282349.8783026273,241263.58553508486,0.0,0.0,1,1
499,282349.8783026273,241263.58553508486,0.0,0.0,1,1
500,282926.8783026273,241263.58553508486,0.0,0.0,1,1
501,282926.8783026273,241263.58553508486,0.0,0.0,1,1
502,281723.3783026273,241263.58553508486,0.0,0.0,1,1
503,281437.8783026273,241263.58553508486,0.0,0.0,1,1
504,281437.8783026273,241263.58553508486,0.0,0.0,1,1
505,281100.8783026273,241263.58553508486,0.0,0.0,1,1
506,281100.8783026273,241263.58553508486,0.0,0.0,1,1
507,281100.8783026273,241263.58553508486,0.0,0.0,1,1
508,281100.8783026273,241263.58553508486,0.0,0.0,1,1
509,281100.8783026273,241263.58553508486,0.0,0.0,1,1
510,280339.8783026273,241263.58553508486,0.0,0.0,1,1
511,280339.8783026273,241263.58553508486,0.0,0.0,1,1
512,280339.8783026273,241263.58553508486,0.0,0.0,1,1
513,280674.8783026273,241263.58553508486,0.0,0.0,1,1
514,280748.8783026273,241263.58553508486,0.0,0.0,1,1
515,280748.8783026273,241263.58553508486,0.0,0.0,1,1
516,280043.2684280679,241263.58553508486,0.0,0.0,1,1
517,280043.2684280679,241263.58553508486,0.0,0.0,1,1
518,279104.63421403395,241263.58553508486,0.0,0.0,1,1
519,279547.317107017,241263.58553508486,0.0,0.0,1,1
520,280788.817107017,241263.58553508486,0.0,0.0,1,1
521,280788.817107017,241263.58553508486,0.0,0.0,1,1
522,280788.817107017,241263.58553508486,0.0,0.0,1,1
523,280369.817107017,241263.58553508486,0.0,0.0,1,1
524,280638.817107017,241263.58553508486,0.0,0.0,1,1
525,280638.817107017,241263.58553508486,0.0,0.0,1,1
526,281621.95132105093,241263.58553508486,0.0,0.0,1,1
527,281621.95132105093,241263.58553508486,0.0,0.0,1,1
528,281621.95132105093,241263.58553508486,0.0,0.0,1,1
529,281828.0611956103,241263.58553508486,0.0,0.0,1,1
530,281828.0611956103,241263.58553508486,0.0,0.0,1,1
531,281828.0611956103,241263.58553508486,0.0,0.0,1,1
532,281828.0611956103,241263.58553508486,0.0,0.0,1,1
533,281828.0611956103,241263.58553508486,0.0,0.0,1,1
534,281828.0611956103,241263.58553508486,0.0,0.0,1,1
535,281828.0611956103,241263.58553508486,0.0,0.0,1,1
536,284067.42698157637,241263.58553508486,0.0,0.0,1,1
537,282866.6098745594,241263.58553508486,0.0,0.0,1,1
538,282866.6098745594,241263.58553508486,0.0,0.0,1,1
539,282866.6098745594,241263.58553508486,0.0,0.0,1,1
540,282866.6098745594,241263.58553508486,0.0,0.0,1,1
541,282866.6098745594,241263.58553508486,0.0,0.0,1,1
542,280773.60987455945,241263.58553508486,0.0,0.0,1,1
543,280773.60987455945,241263.58553508486,0.0,0.0,1,1
544,280578.10987455945,241263.58553508486,0.0,0.0,1,1
545,280526.10987455945,241263.58553508486,0.0,0.0,1,1
546,278434.24408859335,241263.58553508486,0.0,0.0,1,1
547,278434.24408859335,241263.58553508486,0.0,0.0,1,1
548,278070.74408859335,241263.58553508486,0.0,0.0,1,1
549,278070.74408859335,241263.58553508486,0.0,0.0,1,1
550,278070.74408859335,241263.58553508486,0.0,0.0,1,1
551,278070.74408859335,241263.58553508486,0.0,0.0,1,1
552,278711.74408859335,241263.58553508486,0.0,0.0,1,1
553,278711.74408859335,241263.58553508486,0.0,0.0,1,1
554,277243.24408859335,241263.58553508486,0.0,0.0,1,1
555,277243.24408859335,241263.58553508486,0.0,0.0,1,1
556,277243.24408859335,241263.58553508486,0.0,0.0,1,1
557,277243.24408859335,241263.58553508486,0.0,0.0,1,1
558,277243.24408859335,241263.58553508486,0.0,0.0,1,1
559,277243.24408859335,241263.58553508486,0.0,0.0,1,1
560,277243.24408859335,241263.58553508486,0.0,0.0,1,1
561,277243.24408859335,241263.58553508486,0.0,0.0,1,1
562,277243.24408859335,241263.58553508486,0.0,0.0,1,1
563,277243.24408859335,241263.58553508486,0.0,0.0,1,1
564,277636.74408859335,241263.58553508486,0.0,0.0,1,1
565,277636.74408859335,241263.58553508486,0.0,0.0,1,1
566,277636.74408859335,241263.58553508486,0.0,0.0,1,1
567,277636.74408859335,241263.58553508486,0.0,0.0,1,1
568,278004.24408859335,241263.58553508486,0.0,0.0,1,1
569,278004.24408859335,241263.58553508486,0.0,0.0,1,1
570,278766.24408859335,241263.58553508486,0.0,0.0,1,1
571,278766.24408859335,241263.58553508486,0.0,0.0,1,1
572,279055.24408859335,241263.58553508486,0.0,0.0,1,1
573,279055.24408859335,241263.58553508486,0.0,0.0,1,1
574,278863.74408859335,241263.58553508486,0.0,0.0,1,1
575,278846.74408859335,241263.58553508486,0.0,0.0,1,1
576,278846.74408859335,241263.58553508486,0.0,0.0,1,1
577,278846.74408859335,241263.58553508486,0.0,0.0,1,1
578,279722.24408859335,241263.58553508486,0.0,0.0,1,1
579,279722.24408859335,241263.58553508486,0.0,0.0,1,1
580,279333.0611956103,241263.58553508486,0.0,0.0,1,1
581,276766.0611956103,241263.58553508486,0.0,0.0,1,1
582,276766.0611956103,241263.58553508486,0.0,0.0,1,1
583,277180.7684280679,241263.58553508486,0.0,0.0,1,1
584,277180.7684280679,241263.58553508486,0.0,0.0,1,1
585,277180.7684280679,241263.58553508486,0.0,0.0,1,1
586,277180.7684280679,241263.58553508486,0.0,0.0,1,1
587,277180.7684280679,241263.58553508486,0.0,0.0,1,1
588,277180.7684280679,241263.58553508486,0.0,0.0,1,1
589,277180.7684280679,241263.58553508486,0.0,0.0,1,1
590,277180.7684280679,241263.58553508486,0.0,0.0,1,1
591,277180.7684280679,241263.58553508486,0.0,0.0,1,1
592,277180.7684280679,241263.58553508486,0.0,0.0,1,1
593,276917.2684280679,241263.58553508486,0.0,0.0,1,1
594,276602.2684280679,241263.58553508486,0.0,0.0,1,1
595,276670.7684280679,241263.58553508486,0.0,0.0,1,1
596,276670.7684280679,241263.58553508486,0.0,0.0,1,1
597,276670.7684280679,241263.58553508486,0.0,0.0,1,1
598,276148.7684280679,241263.58553508486,0.0,0.0,1,1
599,275604.71974911884,241263.58553508486,0.0,0.0,1,1
600,275464.71974911884,241263.58553508486,0.0,0.0,1,1
601,275464.71974911884,241263.58553508486,0.0,0.0,1,1
602,275325.40264210186,241263.58553508486,0.0,0.0,1,1
603,275325.40264210186,241263.58553508486,0.0,0.0,1,1
604,275106.90264210186,241263.58553508486,0.0,0.0,1,1
605,275106.90264210186,241263.58553508486,0.0,0.0,1,1
606,275106.90264210186,241263.58553508486,0.0,0.0,1,1
607,275106.90264210186,241263.58553508486,0.0,0.0,1,1
608,275106.90264210186,241263.58553508486,0.0,0.0,1,1
609,276540.90264210186,241263.58553508486,0.0,0.0,1,1
610,276540.90264210186,241263.58553508486,0.0,0.0,1,1
611,276540.90264210186,241263.58553508486,0.0,0.0,1,1
612,276540.90264210186,241263.58553508486,0.0,0.0,1,1
613,276540.90264210186,241263.58553508486,0.0,0.0,1,1
614,276540.90264210186,241263.58553508486,0.0,0.0,1,1
615,276540.90264210186,241263.58553508486,0.0,0.0,1,1
616,276540.90264210186,241263.58553508486,0.0,0.0,1,1
617,276540.90264210186,241263.58553508486,0.0,0.0,1,1
618,276540.90264210186,241263.58553508486,0.0,0.0,1,1
619,276222.21974911884,241263.58553508486,0.0,0.0,1,1
620,276436.21974911884,241263.58553508486,0.0,0.0,1,1
621,276436.21974911884,241263.58553508486,0.0,0.0,1,1
622,276436.21974911884,241263.58553508486,0.0,0.0,1,1
623,276491.71974911884,241263.58553508486,0.0,0.0,1,1
624,276491.71974911884,241263.58553508486,0.0,0.0,1,1
625,275200.40264210186,241263.58553508486,0.0,0.0,1,1
626,275200.40264210186,241263.58553508486,0.0,0.0,1,1
627,275200.40264210186,241263.58553508486,0.0,0.0,1,1
628,276749.0855350849,241263.58553508486,0.0,0.0,1,1
629,277164.2684280679,241263.58553508486,0.0,0.0,1,1
630,277164.2684280679,241263.58553508486,0.0,0.0,1,1
631,276871.2684280679,241263.58553508486,0.0,0.0,1,1
632,276871.2684280679,241263.58553508486,0.0,0.0,1,1
633,276871.2684280679,241263.58553508486,0.0,0.0,1,1
634,276871.2684280679,241263.58553508486,0.0,0.0,1,1
635,276871.2684280679,241263.58553508486,0.0,0.0,1,1
636,276871.2684280679,241263.58553508486,0.0,0.0,1,1
637,276871.2684280679,241263.58553508486,0.0,0.0,1,1
638,278001.5855350849,241263.58553508486,0.0,0.0,1,1
639,278001.5855350849,241263.58553508486,0.0,0.0,1,1
640,280936.5855350849,241263.58553508486,0.0,0.0,1,1
641,280533.0855350849,241263.58553508486,0.0,0.0,1,1
642,284026.71974911884,241263.58553508486,0.0,0.0,1,1
643,284026.71974911884,241263.58553508486,0.0,0.0,1,1
644,284026.71974911884,241263.58553508486,0.0,0.0,1,1
645,284015.71974911884,241263.58553508486,0.0,0.0,1,1
646,284015.71974911884,241263.58553508486,0.0,0.0,1,1
647,284015.71974911884,241263.58553508486,0.0,0.0,1,1
648,284015.71974911884,241263.58553508486,0.0,0.0,1,1
649,284015.71974911884,241263.58553508486,0.0,0.0,1,1
650,284015.71974911884,241263.58553508486,0.0,0.0,1,1
651,284015.71974911884,241263.58553508486,0.0,0.0,1,1
652,284015.71974911884,241263.58553508486,0.0,0.0,1,1
653,284811.71974911884,241263.58553508486,0.0,0.0,1,1
654,284811.71974911884,241263.58553508486,0.0,0.0,1,1
655,284811.71974911884,241263.58553508486,0.0,0.0,1,1
656,284542.21974911884,241263.58553508486,0.0,0.0,1,1
657,284542.21974911884,241263.58553508486,0.0,0.0,1,1
658,284542.21974911884,241263.58553508486,0.0,0.0,1,1
659,284542.21974911884,241263.58553508486,0.0,0.0,1,1
660,284542.21974911884,241263.58553508486,0.0,0.0,1,1
661,284542.21974911884,241263.58553508486,0.0,0.0,1,1
662,285108.40264210186,241263.58553508486,0.0,0.0,1,1
663,285108.40264210186,241263.58553508486,0.0,0.0,1,1
664,285108.40264210186,241263.58553508486,0.0,0.0,1,1
665,285108.40264210186,241263.58553508486,0.0,0.0,1,1
666,285108.40264210186,241263.58553508486,0.0,0.0,1,1
667,285108.40264210186,241263.58553508486,0.0,0.0,1,1
668,285494.40264210186,241263.58553508486,0.0,0.0,1,1
669,283266.5368561358,241263.58553508486,0.0,0.0,1,1
670,282682.5368561358,241263.58553508486,0.0,0.0,1,1
671,282682.5368561358,241263.58553508486,0.0,0.0,1,1
672,283201.0368561358,241263.58553508486,0.0,0.0,1,1
673,283201.0368561358,241263.58553508486,0.0,0.0,1,1
674,283201.0368561358,241263.58553508486,0.0,0.0,1,1
675,283516.0368561358,241263.58553508486,0.0,0.0,1,1
676,283516.0368561358,241263.58553508486,0.0,0.0,1,1
677,283516.0368561358,241263.58553508486,0.0,0.0,1,1
678,283516.0368561358,241263.58553508486,0.0,0.0,1,1
679,283538.71974911884,241263.58553508486,0.0,0.0,1,1
680,283538.71974911884,241263.58553508486,0.0,0.0,1,1
681,283538.71974911884,241263.58553508486,0.0,0.0,1,1
682,283538.71974911884,241263.58553508486,0.0,0.0,1,1
683,282841.71974911884,241263.58553508486,0.0,0.0,1,1
684,283056.71974911884,241263.58553508486,0.0,0.0,1,1
685,283056.71974911884,241263.58553508486,0.0,0.0,1,1
686,280281.7197491188,241263.58553508486,0.0,0.0,1,1
687,280281.7197491188,241263.58553508486,0.0,0.0,1,1
688,280281.7197491188,241263.58553508486,0.0,0.0,1,1
689,280281.7197491188,241263.58553508486,0.0,0.0,1,1
690,280281.7197491188,241263.58553508486,0.0,0.0,1,1
691,280281.7197491188,241263.58553508486,0.0,0.0,1,1
692,280281.7197491188,241263.58553508486,0.0,0.0,1,1
693,280281.7197491188,241263.58553508486,0.0,0.0,1,1
694,280281.7197491188,241263.58553508486,0.0,0.0,1,1
695,280281.7197491188,241263.58553508486,0.0,0.0,1,1
696,280956.7197491188,241263.58553508486,0.0,0.0,1,1
697,280591.7197491188,241263.58553508486,0.0,0.0,1,1
698,280273.21974911884,241263.58553508486,0.0,0.0,1,1
699,280273.21974911884,241263.58553508486,0.0,0.0,1,1
700,280273.21974911884,241263.58553508486,0.0,0.0,1,1
701,280180.71974911884,241263.58553508486,0.0,0.0,1,1
702,280180.71974911884,241263.58553508486,0.0,0.0,1,1
703,280180.71974911884,241263.58553508486,0.0,0.0,1,1
704,280180.71974911884,241263.58553508486,0.0,0.0,1,1
705,280180.71974911884,241263.58553508486,0.0,0.0,1,1
706,281418.71974911884,241263.58553508486,0.0,0.0,1,1
707,282877.71974911884,241263.58553508486,0.0,0.0,1,1
708,282877.71974911884,241263.58553508486,0.0,0.0,1,1
709,282877.71974911884,241263.58553508486,0.0,0.0,1,1
710,282877.71974911884,241263.58553508486,0.0,0.0,1,1
711,282323.21974911884,241263.58553508486,0.0,0.0,1,1
712,282323.21974911884,241263.58553508486,0.0,0.0,1,1
713,282323.21974911884,241263.58553508486,0.0,0.0,1,1
714,281172.90264210186,241263.58553508486,0.0,0.0,1,1
715,281234.90264210186,241263.58553508486,0.0,0.0,1,1
716,282585.74408859335,241263.58553508486,0.0,0.0,1,1
717,282585.74408859335,241263.58553508486,0.0,0.0,1,1
718,283318.92698157637,241263.58553508486,0.0,0.0,1,1
719,283318.92698157637,241263.58553508486,0.0,0.0,1,1
720,283333.42698157637,241263.58553508486,0.0,0.0,1,1
721,284111.42698157637,241263.58553508486,0.0,0.0,1,1
722,286146.42698157637,241263.58553508486,0.0,0.0,1,1
723,286146.42698157637,241263.58553508486,0.0,0.0,1,1
724,286987.74408859335,241263.58553508486,0.0,0.0,1,1
725,286987.74408859335,241263.58553508486,0.0,0.0,1,1
726,286987.74408859335,241263.58553508486,0.0,0.0,1,1
727,286987.74408859335,241263.58553508486,0.0,0.0,1,1
728,286987.74408859335,241263.58553508486,0.0,0.0,1,1
729,286987.74408859335,241263.58553508486,0.0,0.0,1,1
730,290100.0,241263.58553508486,0.0,0.0,1,1
731,290100.0,241263.58553508486,0.0,0.0,1,1
732,290091.0,241263.58553508486,0.0,0.0,1,1
733,290091.0,241263.58553508486,0.0,0.0,1,1
734,289727.5,241263.58553508486,0.0,0.0,1,1
735,289727.5,241263.58553508486,0.0,0.0,1,1
736,287289.5,241263.58553508486,0.0,0.0,1,1
737,287134.0,241263.58553508486,0.0,0.0,1,1
738,287134.0,241263.58553508486,0.0,0.0,1,1
739,287134.0,241263.58553508486,0.0,0.0,1,1
740,287134.0,241263.58553508486,0.0,0.0,1,1
741,287134.0,241263.58553508486,0.0,0.0,1,1
742,287134.0,241263.58553508486,0.0,0.0,1,1
743,287134.0,241263.58553508486,0.0,0.0,1,1
744,287134.0,241263.58553508486,0.0,0.0,1,1
745,287134.0,241263.58553508486,0.0,0.0,1,1
746,287134.0,241263.58553508486,0.0,0.0,1,1
747,287134.0,241263.58553508486,0.0,0.0,1,1
748,287134.0,241263.58553508486,0.0,0.0,1,1
749,285032.0,241263.58553508486,0.0,0.0,1,1
750,285032.0,241263.58553508486,0.0,0.0,1,1
751,285294.0,241263.58553508486,0.0,0.0,1,1
752,285166.0,241263.58553508486,0.0,0.0,1,1
753,285106.5,241263.58553508486,0.0,0.0,1,1
754,285106.5,241263.58553508486,0.0,0.0,1,1
755,288422.0,241263.58553508486,0.0,0.0,1,1
756,288422.0,241263.58553508486,0.0,0.0,1,1
757,288177.0,241263.58553508486,0.0,0.0,1,1
758,288177.0,241263.58553508486,0.0,0.0,1,1
759,288177.0,241263.58553508486,0.0,0.0,1,1
760,288177.0,241263.58553508486,0.0,0.0,1,1
761,288232.0,241263.58553508486,0.0,0.0,1,1
762,288232.0,241263.58553508486,0.0,0.0,1,1
763,288232.0,241263.58553508486,0.0,0.0,1,1
764,288419.5,241263.58553508486,0.0,0.0,1,1
765,288578.5,241263.58553508486,0.0,0.0,1,1
766,288725.5,241263.58553508486,0.0,0.0,1,1
767,288725.5,241263.58553508486,0.0,0.0,1,1
768,288532.5,241263.58553508486,0.0,0.0,1,1
769,288532.5,241263.58553508486,0.0,0.0,1,1
770,288532.5,241263.58553508486,0.0,0.0,1,1
771,288532.5,241263.58553508486,0.0,0.0,1,1
772,287308.5,241263.58553508486,0.0,0.0,1,1
773,287402.5,241263.58553508486,0.0,0.0,1,1
774,285905.0,241263.58553508486,0.0,0.0,1,1
775,286159.5,241263.58553508486,0.0,0.0,1,1
776,286159.5,241263.58553508486,0.0,0.0,1,1
777,286343.5,241263.58553508486,0.0,0.0,1,1
778,286343.5,241263.58553508486,0.0,0.0,1,1
779,286683.5,241263.58553508486,0.0,0.0,1,1
780,286628.0,241263.58553508486,0.0,0.0,1,1
781,286600.0,241263.58553508486,0.0,0.0,1,1
782,285395.0,241263.58553508486,0.0,0.0,1,1
783,285395.0,241263.58553508486,0.0,0.0,1,1
784,284856.0,241263.58553508486,0.0,0.0,1,1
785,284514.0,241263.58553508486,0.0,0.0,1,1
786,284514.0,241263.58553508486,0.0,0.0,1,1
787,284357.0,241263.58553508486,0.0,0.0,1,1
788,284357.0,241263.58553508486,0.0,0.0,1,1
789,284357.0,241263.58553508486,0.0,0.0,1,1
790,284357.0,241263.58553508486,0.0,0.0,1,1
791,284310.0,241263.58553508486,0.0,0.0,1,1
792,283808.0,241263.58553508486,0.0,0.0,1,1
793,283808.0,241263.58553508486,0.0,0.0,1,1
794,284143.0,241263.58553508486,0.0,0.0,1,1
795,284174.0,241263.58553508486,0.0,0.0,1,1
796,284174.0,241263.58553508486,0.0,0.0,1,1
797,284174.0,241263.58553508486,0.0,0.0,1,1
798,284145.0,241263.58553508486,0.0,0.0,1,1
799,284688.5,241263.58553508486,0.0,0.0,1,1
800,284688.5,241263.58553508486,0.0,0.0,1,1
801,284688.5,241263.58553508486,0.0,0.0,1,1
802,284958.0,241263.58553508486,0.0,0.0,1,1
803,284958.0,241263.58553508486,0.0,0.0,1,1
804,284958.0,241263.58553508486,0.0,0.0,1,1
805,283307.0,241263.58553508486,0.0,0.0,1,1
806,284004.0,241263.58553508486,0.0,0.0,1,1
807,284004.0,241263.58553508486,0.0,0.0,1,1
808,284004.0,241263.58553508486,0.0,0.0,1,1
809,283898.0,241263.58553508486,0.0,0.0,1,1
810,283898.0,241263.58553508486,0.0,0.0,1,1
811,284063.0,241263.58553508486,0.0,0.0,1,1
812,284063.0,241263.58553508486,0.0,0.0,1,1
813,284412.5,241263.58553508486,0.0,0.0,1,1
814,284412.5,241263.58553508486,0.0,0.0,1,1
815,284412.5,241263.58553508486,0.0,0.0,1,1
816,284412.5,241263.58553508486,0.0,0.0,1,1
817,284037.4756605255,241263.58553508486,0.0,0.0,1,1
818,282508.4756605255,241263.58553508486,0.0,0.0,1,1
819,282508.4756605255,241263.58553508486,0.0,0.0,1,1
820,282508.4756605255,241263.58553508486,0.0,0.0,1,1
821,282508.4756605255,241263.58553508486,0.0,0.0,1,1
822,282508.4756605255,241263.58553508486,0.0,0.0,1,1
823,282508.4756605255,241263.58553508486,0.0,0.0,1,1
824,282307.0,241263.58553508486,0.0,0.0,1,1
825,282404.0,241263.58553508486,0.0,0.0,1,1
826,282664.5,241263.58553508486,0.0,0.0,1,1
827,282490.5,241263.58553508486,0.0,0.0,1,1
828,282505.5,241263.58553508486,0.0,0.0,1,1
829,282505.5,241263.58553508486,0.0,0.0,1,1
830,282505.5,241263.58553508486,0.0,0.0,1,1
831,282505.5,241263.58553508486,0.0,0.0,1,1
832,282505.5,241263.58553508486,0.0,0.0,1,1
833,282505.5,241263.58553508486,0.0,0.0,1,1
834,282505.5,241263.58553508486,0.0,0.0,1,1
835,282505.5,241263.58553508486,0.0,0.0,1,1
836,282505.5,241263.58553508486,0.0,0.0,1,1
837,281432.0,241263.58553508486,0.0,0.0,1,1
838,281432.0,241263.58553508486,0.0,0.0,1,1
839,281432.0,241263.58553508486,0.0,0.0,1,1
840,281432.0,241263.58553508486,0.0,0.0,1,1
841,283547.5,241263.58553508486,0.0,0.0,1,1
842,283451.5,241263.58553508486,0.0,0.0,1,1
843,283451.5,241263.58553508486,0.0,0.0,1,1
844,283647.5,241263.58553508486,0.0,0.0,1,1
845,283647.5,241263.58553508486,0.0,0.0,1,1
846,283647.5,241263.58553508486,0.0,0.0,1,1
847,284749.0,241263.58553508486,0.0,0.0,1,1
848,284749.0,241263.58553508486,0.0,0.0,1,1
849,284749.0,241263.58553508486,0.0,0.0,1,1
850,284749.0,241263.58553508486,0.0,0.0,1,1
851,283311.5,241263.58553508486,0.0,0.0,1,1
852,283311.5,241263.58553508486,0.0,0.0,1,1
853,283311.5,241263.58553508486,0.0,0.0,1,1
854,283311.5,241263.58553508486,0.0,0.0,1,1
855,283311.5,241263.58553508486,0.0,0.0,1,1
856,283311.5,241263.58553508486,0.0,0.0,1,1
857,283311.5,241263.58553508486,0.0,0.0,1,1
858,283625.0,241263.58553508486,0.0,0.0,1,1
859,283782.15855350846,241263.58553508486,0.0,0.0,1,1
860,283400.5,241263.58553508486,0.0,0.0,1,1
861,284616.5,241263.58553508486,0.0,0.0,1,1
862,284495.5,241263.58553508486,0.0,0.0,1,1
863,286262.15855350846,241263.58553508486,0.0,0.0,1,1
864,286262.15855350846,241263.58553508486,0.0,0.0,1,1
865,285285.5,241263.58553508486,0.0,0.0,1,1
866,285912.5,241263.58553508486,0.0,0.0,1,1
867,286768.0,241263.58553508486,0.0,0.0,1,1
868,286768.0,241263.58553508486,0.0,0.0,1,1
869,286514.5,241263.58553508486,0.0,0.0,1,1
870,287005.6585535085,241263.58553508486,0.0,0.0,1,1
871,287005.6585535085,241263.58553508486,0.0,0.0,1,1
872,287023.6585535085,241263.58553508486,0.0,0.0,1,1
873,287023.6585535085,241263.58553508486,0.0,0.0,1,1
874,287023.6585535085,241263.58553508486,0.0,0.0,1,1
875,287023.6585535085,241263.58553508486,0.0,0.0,1,1
876,287369.6585535085,241263.58553508486,0.0,0.0,1,1
877,287369.6585535085,241263.58553508486,0.0,0.0,1,1
878,287369.6585535085,241263.58553508486,0.0,0.0,1,1
879,288466.6585535085,241263.58553508486,0.0,0.0,1,1
880,288466.6585535085,241263.58553508486,0.0,0.0,1,1
881,288466.6585535085,241263.58553508486,0.0,0.0,1,1
882,288466.6585535085,241263.58553508486,0.0,0.0,1,1
883,288466.6585535085,241263.58553508486,0.0,0.0,1,1
884,288466.6585535085,241263.58553508486,0.0,0.0,1,1
885,288466.6585535085,241263.58553508486,0.0,0.0,1,1
886,288466.6585535085,241263.58553508486,0.0,0.0,1,1
887,288466.6585535085,241263.58553508486,0.0,0.0,1,1
888,288466.6585535085,241263.58553508486,0.0,0.0,1,1
889,288466.6585535085,241263.58553508486,0.0,0.0,1,1
890,288466.6585535085,241263.58553508486,0.0,0.0,1,1
891,288466.6585535085,241263.58553508486,0.0,0.0,1,1
892,288466.6585535085,241263.58553508486,0.0,0.0,1,1
893,288466.6585535085,241263.58553508486,0.0,0.0,1,1
894,288466.6585535085,241263.58553508486,0.0,0.0,1,1
895,288466.6585535085,241263.58553508486,0.0,0.0,1,1
896,288466.6585535085,241263.58553508486,0.0,0.0,1,1
897,288466.6585535085,241263.58553508486,0.0,0.0,1,1
898,288592.6585535085,241263.58553508486,0.0,0.0,1,1
899,288592.6585535085,241263.58553508486,0.0,0.0,1,1
900,288592.6585535085,241263.58553508486,0.0,0.0,1,1
901,288592.6585535085,241263.58553508486,0.0,0.0,1,1
902,288592.6585535085,241263.58553508486,0.0,0.0,1,1
903,288592.6585535085,241263.58553508486,0.0,0.0,1,1
904,288592.6585535085,241263.58553508486,0.0,0.0,1,1
905,288592.6585535085,241263.58553508486,0.0,0.0,1,1
906,288592.6585535085,241263.58553508486,0.0,0.0,1,1
907,288592.6585535085,241263.58553508486,0.0,0.0,1,1
908,288592.6585535085,241263.58553508486,0.0,0.0,1,1
909,288592.6585535085,241263.58553508486,0.0,0.0,1,1
910,288592.6585535085,241263.58553508486,0.0,0.0,1,1
911,288592.6585535085,241263.58553508486,0.0,0.0,1,1
912,288769.1585535085,241263.58553508486,0.0,0.0,1,1
913,288769.1585535085,241263.58553508486,0.0,0.0,1,1
914,288479.6585535085,241263.58553508486,0.0,0.0,1,1
915,288479.6585535085,241263.58553508486,0.0,0.0,1,1
916,288479.6585535085,241263.58553508486,0.0,0.0,1,1
917,288624.6585535085,241263.58553508486,0.0,0.0,1,1
918,288624.6585535085,241263.58553508486,0.0,0.0,1,1
919,288624.6585535085,241263.58553508486,0.0,0.0,1,1
920,289303.0,241263.58553508486,0.0,0.0,1,1
921,289303.0,241263.58553508486,0.0,0.0,1,1
922,289303.0,241263.58553508486,0.0,0.0,1,1
923,288944.5,241263.58553508486,0.0,0.0,1,1
924,288944.5,241263.58553508486,0.0,0.0,1,1
925,288944.5,241263.58553508486,0.0,0.0,1,1
926,290321.0,241263.58553508486,0.0,0.0,1,1
927,290321.0,241263.58553508486,0.0,0.0,1,1
928,290063.5,241263.58553508486,0.0,0.0,1,1
929,290063.5,241263.58553508486,0.0,0.0,1,1
930,290063.5,241263.58553508486,0.0,0.0,1,1
931,290063.5,241263.58553508486,0.0,0.0,1,1
932,290063.5,241263.58553508486,0.0,0.0,1,1
933,290284.5,241263.58553508486,0.0,0.0,1,1
934,290063.5,241263.58553508486,0.0,0.0,1,1
935,290063.5,241263.58553508486,0.0,0.0,1,1
936,290063.5,241263.58553508486,0.0,0.0,1,1
937,290063.5,241263.58553508486,0.0,0.0,1,1
938,290063.5,241263.58553508486,0.0,0.0,1,1
939,290063.5,241263.58553508486,0.0,0.0,1,1
940,290063.5,241263.58553508486,0.0,0.0,1,1
941,290063.5,241263.58553508486,0.0,0.0,1,1
942,290063.5,241263.58553508486,0.0,0.0,1,1
943,290063.5,241263.58553508486,0.0,0.0,1,1
944,290063.5,241263.58553508486,0.0,0.0,1,1
945,290063.5,241263.58553508486,0.0,0.0,1,1
946,290063.5,241263.58553508486,0.0,0.0,1,1
947,290063.5,241263.58553508486,0.0,0.0,1,1
948,290063.5,241263.58553508486,0.0,0.0,1,1
949,290063.5,241263.58553508486,0.0,0.0,1,1
950,290063.5,241263.58553508486,0.0,0.0,1,1
951,290063.5,241263.58553508486,0.0,0.0,1,1
952,290063.5,241263.58553508486,0.0,0.0,1,1
953,290063.5,241263.58553508486,0.0,0.0,1,1
954,289845.0,241263.58553508486,0.0,0.0,1,1
955,289357.0,241263.58553508486,0.0,0.0,1,1
956,289357.0,241263.58553508486,0.0,0.0,1,1
957,288893.5,241263.58553508486,0.0,0.0,1,1
958,288893.5,241263.58553508486,0.0,0.0,1,1
959,287966.5,241263.58553508486,0.0,0.0,1,1
960,287966.5,241263.58553508486,0.0,0.0,1,1
961,287966.5,241263.58553508486,0.0,0.0,1,1
962,285989.0,241263.58553508486,0.0,0.0,1,1
963,284278.13421403395,241263.58553508486,0.0,0.0,1,1
964,284278.13421403395,241263.58553508486,0.0,0.0,1,1
965,284278.13421403395,241263.58553508486,0.0,0.0,1,1
966,284278.13421403395,241263.58553508486,0.0,0.0,1,1
967,285402.317107017,241263.58553508486,0.0,0.0,1,1
968,285402.317107017,241263.58553508486,0.0,0.0,1,1
969,285927.0,241263.58553508486,0.0,0.0,1,1
970,285927.0,241263.58553508486,0.0,0.0,1,1
971,284322.63421403395,241263.58553508486,0.0,0.0,1,1
972,284322.63421403395,241263.58553508486,0.0,0.0,1,1
973,283965.13421403395,241263.58553508486,0.0,0.0,1,1
974,285291.45132105093,241263.58553508486,0.0,0.0,1,1
975,285291.45132105093,241263.58553508486,0.0,0.0,1,1
976,285599.45132105093,241263.58553508486,0.0,0.0,1,1
977,285599.45132105093,241263.58553508486,0.0,0.0,1,1
978,285599.45132105093,241263.58553508486,0.0,0.0,1,1
979,285699.2927675424,241263.58553508486,0.0,0.0,1,1
980,285699.2927675424,241263.58553508486,0.0,0.0,1,1
981,285699.2927675424,241263.58553508486,0.0,0.0,1,1
982,288067.1098745594,241263.58553508486,0.0,0.0,1,1
983,288060.95132105093,241263.58553508486,0.0,0.0,1,1
984,288060.95132105093,241263.58553508486,0.0,0.0,1,1
985,288060.95132105093,241263.58553508486,0.0,0.0,1,1
986,288067.1098745594,241263.58553508486,0.0,0.0,1,1
987,288214.1098745594,241263.58553508486,0.0,0.0,1,1
988,288214.1098745594,241263.58553508486,0.0,0.0,1,1
989,288214.1098745594,241263.58553508486,0.0,0.0,1,1
990,288214.1098745594,241263.58553508486,0.0,0.0,1,1
991,288214.1098745594,241263.58553508486,0.0,0.0,1,1
992,288218.1098745594,241263.58553508486,0.0,0.0,1,1
993,288218.1098745594,241263.58553508486,0.0,0.0,1,1
994,288218.1098745594,241263.58553508486,0.0,0.0,1,1
995,288816.6098745594,241263.58553508486,0.0,0.0,1,1
996,288816.6098745594,241263.58553508486,0.0,0.0,1,1
997,288816.6098745594,241263.58553508486,0.0,0.0,1,1
998,288816.6098745594,241263.58553508486,0.0,0.0,1,1
999,288816.6098745594,241263.58553508486,0.0,0.0,1,1
1000,288125.24408859335,241263.58553508486,0.0,0.0,1,1
1001,288125.24408859335,241263.58553508486,0.0,0.0,1,1
1002,287990.24408859335,241263.58553508486,0.0,0.0,1,1
1003,287990.24408859335,241263.58553508486,0.0,0.0,1,1
1004,287990.24408859335,241263.58553508486,0.0,0.0,1,1
1005,287990.24408859335,241263.58553508486,0.0,0.0,1,1
1006,287990.24408859335,241263.58553508486,0.0,0.0,1,1
1007,287990.24408859335,241263.58553508486,0.0,0.0,1,1
1008,288297.32962367823,241263.58553508486,0.0,0.0,1,1
1009,288380.82962367823,241263.58553508486,0.0,0.0,1,1
1010,286408.9638377122,241263.58553508486,0.0,0.0,1,1
1011,286408.9638377122,241263.58553508486,0.0,0.0,1,1
1012,286402.9638377122,241263.58553508486,0.0,0.0,1,1
1013,286402.9638377122,241263.58553508486,0.0,0.0,1,1
1014,284146.82962367823,241263.58553508486,0.0,0.0,1,1
1015,284016.9881771867,241263.58553508486,0.0,0.0,1,1
1016,284016.9881771867,241263.58553508486,0.0,0.0,1,1
1017,284016.9881771867,241263.58553508486,0.0,0.0,1,1
1018,281697.4881771867,241263.58553508486,0.0,0.0,1,1
1019,281697.4881771867,241263.58553508486,0.0,0.0,1,1
1020,281697.4881771867,241263.58553508486,0.0,0.0,1,1
1021,281681.4881771867,241263.58553508486,0.0,0.0,1,1
1022,281681.4881771867,241263.58553508486,0.0,0.0,1,1
1023,281681.4881771867,241263.58553508486,0.0,0.0,1,1
1024,281681.4881771867,241263.58553508486,0.0,0.0,1,1
1025,281371.9881771867,241263.58553508486,0.0,0.0,1,1
1026,281371.9881771867,241263.58553508486,0.0,0.0,1,1
1027,281371.9881771867,241263.58553508486,0.0,0.0,1,1
1028,281371.9881771867,241263.58553508486,0.0,0.0,1,1
1029,281371.9881771867,241263.58553508486,0.0,0.0,1,1
1030,281371.9881771867,241263.58553508486,0.0,0.0,1,1
1031,281366.9881771867,241263.58553508486,0.0,0.0,1,1
1032,281366.9881771867,241263.58553508486,0.0,0.0,1,1
1033,281366.9881771867,241263.58553508486,0.0,0.0,1,1
1034,281366.9881771867,241263.58553508486,0.0,0.0,1,1
1035,281366.9881771867,241263.58553508486,0.0,0.0,1,1
1036,279636.85396315274,241263.58553508486,0.0,0.0,1,1
1037,279636.85396315274,241263.58553508486,0.0,0.0,1,1
1038,279636.85396315274,241263.58553508486,0.0,0.0,1,1
1039,279219.85396315274,241263.58553508486,0.0,0.0,1,1
1040,279219.85396315274,241263.58553508486,0.0,0.0,1,1
1041,279219.85396315274,241263.58553508486,0.0,0.0,1,1
1042,279219.85396315274,241263.58553508486,0.0,0.0,1,1
1043,279219.85396315274,241263.58553508486,0.0,0.0,1,1
1044,281081.9881771867,241263.58553508486,0.0,0.0,1,1
1045,281081.9881771867,241263.58553508486,0.0,0.0,1,1
1046,281081.9881771867,241263.58553508486,0.0,0.0,1,1
1047,281081.9881771867,241263.58553508486,0.0,0.0,1,1
1048,281081.9881771867,241263.58553508486,0.0,0.0,1,1
1049,280933.9881771867,241263.58553508486,0.0,0.0,1,1
1050,280933.9881771867,241263.58553508486,0.0,0.0,1,1
1051,280460.9881771867,241263.58553508486,0.0,0.0,1,1
1052,280460.9881771867,241263.58553508486,0.0,0.0,1,1
1053,281900.9881771867,241263.58553508486,0.0,0.0,1,1
1054,282019.1710701698,241263.58553508486,0.0,0.0,1,1
1055,280914.51251666126,241263.58553508486,0.0,0.0,1,1
1056,280914.51251666126,241263.58553508486,0.0,0.0,1,1
1057,283227.51251666126,241263.58553508486,0.0,0.0,1,1
1058,283227.51251666126,241263.58553508486,0.0,0.0,1,1
1059,283227.51251666126,241263.58553508486,0.0,0.0,1,1
1060,284525.51251666126,241263.58553508486,0.0,0.0,1,1
1061,284525.51251666126,241263.58553508486,0.0,0.0,1,1
1062,285717.1710701698,241263.58553508486,0.0,0.0,1,1
1063,286095.6710701698,241263.58553508486,0.0,0.0,1,1
1064,286095.6710701698,241263.58553508486,0.0,0.0,1,1
1065,286751.9394982377,241263.58553508486,0.0,0.0,1,1
1066,286751.9394982377,241263.58553508486,0.0,0.0,1,1
1067,286441.9394982377,241263.58553508486,0.0,0.0,1,1
1068,286441.9394982377,241263.58553508486,0.0,0.0,1,1
1069,286441.9394982377,241263.58553508486,0.0,0.0,1,1
1070,286441.9394982377,241263.58553508486,0.0,0.0,1,1
1071,286160.4638377122,241263.58553508486,0.0,0.0,1,1
1072,286108.9394982377,241263.58553508486,0.0,0.0,1,1
1073,286108.9394982377,241263.58553508486,0.0,0.0,1,1
1074,288782.8052842037,241263.58553508486,0.0,0.0,1,1
1075,289290.12239122065,241263.58553508486,0.0,0.0,1,1
1076,289290.12239122065,241263.58553508486,0.0,0.0,1,1
1077,289290.12239122065,241263.58553508486,0.0,0.0,1,1
1078,288659.28094472917,241263.58553508486,0.0,0.0,1,1
1079,288659.28094472917,241263.58553508486,0.0,0.0,1,1
1080,288659.28094472917,241263.58553508486,0.0,0.0,1,1
1081,288659.28094472917,241263.58553508486,0.0,0.0,1,1
1082,288330.91515876306,241263.58553508486,0.0,0.0,1,1
1083,288058.91515876306,241263.58553508486,0.0,0.0,1,1
1084,287148.09805174614,241263.58553508486,0.0,0.0,1,1
1085,287292.09805174614,241263.58553508486,0.0,0.0,1,1
1086,285226.09805174614,241263.58553508486,0.0,0.0,1,1
1087,285226.09805174614,241263.58553508486,0.0,0.0,1,1
1088,285226.09805174614,241263.58553508486,0.0,0.0,1,1
1089,285226.09805174614,241263.58553508486,0.0,0.0,1,1
1090,285226.09805174614,241263.58553508486,0.0,0.0,1,1
1091,285226.09805174614,241263.58553508486,0.0,0.0,1,1
1092,285226.09805174614,241263.58553508486,0.0,0.0,1,1
1093,285226.09805174614,241263.58553508486,0.0,0.0,1,1
1094,285226.09805174614,241263.58553508486,0.0,0.0,1,1
1095,285226.09805174614,241263.58553508486,0.0,0.0,1,1
1096,284585.4881771867,241263.58553508486,0.0,0.0,1,1
1097,285750.4881771867,241263.58553508486,0.0,0.0,1,1
1098,285750.4881771867,241263.58553508486,0.0,0.0,1,1
1099,285750.4881771867,241263.58553508486,0.0,0.0,1,1
1100,285456.9881771867,241263.58553508486,0.0,0.0,1,1
1101,285456.9881771867,241263.58553508486,0.0,0.0,1,1
1102,285456.9881771867,241263.58553508486,0.0,0.0,1,1
1103,285456.9881771867,241263.58553508486,0.0,0.0,1,1
1104,285456.9881771867,241263.58553508486,0.0,0.0,1,1
1105,285503.6710701698,241263.58553508486,0.0,0.0,1,1
1106,285233.6467306952,241263.58553508486,0.0,0.0,1,1
1107,285233.6467306952,241263.58553508486,0.0,0.0,1,1
1108,285233.6467306952,241263.58553508486,0.0,0.0,1,1
1109,285233.6467306952,241263.58553508486,0.0,0.0,1,1
1110,288130.1467306952,241263.58553508486,0.0,0.0,1,1
1111,288130.1467306952,241263.58553508486,0.0,0.0,1,1
1112,288284.59805174614,241263.58553508486,0.0,0.0,1,1
1113,288284.59805174614,241263.58553508486,0.0,0.0,1,1
1114,288354.7566052546,241263.58553508486,0.0,0.0,1,1
1115,288354.7566052546,241263.58553508486,0.0,0.0,1,1
1116,288354.7566052546,241263.58553508486,0.0,0.0,1,1
1117,288354.7566052546,241263.58553508486,0.0,0.0,1,1
1118,289019.2566052546,241263.58553508486,0.0,0.0,1,1
1119,289019.2566052546,241263.58553508486,0.0,0.0,1,1
1120,289019.2566052546,241263.58553508486,0.0,0.0,1,1
1121,289019.2566052546,241263.58553508486,0.0,0.0,1,1
1122,289019.2566052546,241263.58553508486,0.0,0.0,1,1
1123,289019.2566052546,241263.58553508486,0.0,0.0,1,1
1124,289019.2566052546,241263.58553508486,0.0,0.0,1,1
1125,289019.2566052546,241263.58553508486,0.0,0.0,1,1
1126,288977.2566052546,241263.58553508486,0.0,0.0,1,1
1127,289478.4151587631,241263.58553508486,0.0,0.0,1,1
1128,289478.4151587631,241263.58553508486,0.0,0.0,1,1
1129,289478.4151587631,241263.58553508486,0.0,0.0,1,1
1130,289478.4151587631,241263.58553508486,0.0,0.0,1,1
1131,289478.4151587631,241263.58553508486,0.0,0.0,1,1
1132,289478.4151587631,241263.58553508486,0.0,0.0,1,1
1133,289045.7566052546,241263.58553508486,0.0,0.0,1,1
1134,289045.7566052546,241263.58553508486,0.0,0.0,1,1
1135,289045.7566052546,241263.58553508486,0.0,0.0,1,1
1136,289045.7566052546,241263.58553508486,0.0,0.0,1,1
1137,289190.2566052546,241263.58553508486,0.0,0.0,1,1
1138,289190.2566052546,241263.58553508486,0.0,0.0,1,1
1139,289190.2566052546,241263.58553508486,0.0,0.0,1,1
1140,289126.2566052546,241263.58553508486,0.0,0.0,1,1
1141,289303.12239122065,241263.58553508486,0.0,0.0,1,1
1142,289303.12239122065,241263.58553508486,0.0,0.0,1,1
1143,288987.12239122065,241263.58553508486,0.0,0.0,1,1
1144,288987.12239122065,241263.58553508486,0.0,0.0,1,1
1145,288720.12239122065,241263.58553508486,0.0,0.0,1,1
1146,288324.62239122065,241263.58553508486,0.0,0.0,1,1
1147,288324.62239122065,241263.58553508486,0.0,0.0,1,1
1148,288324.62239122065,241263.58553508486,0.0,0.0,1,1
1149,288324.62239122065,241263.58553508486,0.0,0.0,1,1
1150,288324.62239122065,241263.58553508486,0.0,0.0,1,1
1151,288324.62239122065,241263.58553508486,0.0,0.0,1,1
1152,288324.62239122065,241263.58553508486,0.0,0.0,1,1
1153,287965.3052842037,241263.58553508486,0.0,0.0,1,1
1154,287965.3052842037,241263.58553508486,0.0,0.0,1,1
1155,287965.3052842037,241263.58553508486,0.0,0.0,1,1
1156,288121.3052842037,241263.58553508486,0.0,0.0,1,1
1157,288121.3052842037,241263.58553508486,0.0,0.0,1,1
1158,288121.3052842037,241263.58553508486,0.0,0.0,1,1
1159,288121.3052842037,241263.58553508486,0.0,0.0,1,1
1160,288479.9394982376,241263.58553508486,0.0,0.0,1,1
1161,288479.9394982376,241263.58553508486,0.0,0.0,1,1
1162,288479.9394982376,241263.58553508486,0.0,0.0,1,1
1163,288479.9394982376,241263.58553508486,0.0,0.0,1,1
1164,288479.9394982376,241263.58553508486,0.0,0.0,1,1
1165,288479.9394982376,241263.58553508486,0.0,0.0,1,1
1166,288479.9394982376,241263.58553508486,0.0,0.0,1,1
1167,289091.62239122065,241263.58553508486,0.0,0.0,1,1
1168,288876.3052842037,241263.58553508486,0.0,0.0,1,1
1169,288876.3052842037,241263.58553508486,0.0,0.0,1,1
1170,288836.3052842037,241263.58553508486,0.0,0.0,1,1
1171,288836.3052842037,241263.58553508486,0.0,0.0,1,1
1172,288836.3052842037,241263.58553508486,0.0,0.0,1,1
1173,288836.3052842037,241263.58553508486,0.0,0.0,1,1
1174,288957.3052842037,241263.58553508486,0.0,0.0,1,1
1175,288583.9638377122,241263.58553508486,0.0,0.0,1,1
1176,288583.62239122065,241263.58553508486,0.0,0.0,1,1
1177,288583.62239122065,241263.58553508486,0.0,0.0,1,1
1178,288583.62239122065,241263.58553508486,0.0,0.0,1,1
1179,288583.62239122065,241263.58553508486,0.0,0.0,1,1
1180,288583.62239122065,241263.58553508486,0.0,0.0,1,1
1181,288583.62239122065,241263.58553508486,0.0,0.0,1,1
1182,288583.62239122065,241263.58553508486,0.0,0.0,1,1
1183,288583.62239122065,241263.58553508486,0.0,0.0,1,1
1184,288583.62239122065,241263.58553508486,0.0,0.0,1,1
1185,288583.62239122065,241263.58553508486,0.0,0.0,1,1
1186,289081.62239122065,241263.58553508486,0.0,0.0,1,1
1187,289081.62239122065,241263.58553508486,0.0,0.0,1,1
1188,289081.62239122065,241263.58553508486,0.0,0.0,1,1
1189,289081.62239122065,241263.58553508486,0.0,0.0,1,1
1190,289081.62239122065,241263.58553508486,0.0,0.0,1,1
1191,289081.62239122065,241263.58553508486,0.0,0.0,1,1
1192,289081.62239122065,241263.58553508486,0.0,0.0,1,1
1193,289081.62239122065,241263.58553508486,0.0,0.0,1,1
1194,289670.1467306952,241263.58553508486,0.0,0.0,1,1
1195,286517.3052842037,241263.58553508486,0.0,0.0,1,1
1196,286517.3052842037,241263.58553508486,0.0,0.0,1,1
1197,286517.3052842037,241263.58553508486,0.0,0.0,1,1
1198,287560.6710701698,241263.58553508486,0.0,0.0,1,1
1199,287560.6710701698,241263.58553508486,0.0,0.0,1,1
1200,287808.6710701698,241263.58553508486,0.0,0.0,1,1
1201,288224.6710701698,241263.58553508486,0.0,0.0,1,1
1202,288181.1710701698,241263.58553508486,0.0,0.0,1,1
1203,288181.1710701698,241263.58553508486,0.0,0.0,1,1
1204,288555.6710701698,241263.58553508486,0.0,0.0,1,1
1205,289504.1710701698,241263.58553508486,0.0,0.0,1,1
1206,289504.1710701698,241263.58553508486,0.0,0.0,1,1
1207,289504.1710701698,241263.58553508486,0.0,0.0,1,1
1208,289504.1710701698,241263.58553508486,0.0,0.0,1,1
1209,289504.1710701698,241263.58553508486,0.0,0.0,1,1
1210,289504.1710701698,241263.58553508486,0.0,0.0,1,1
1211,289504.1710701698,241263.58553508486,0.0,0.0,1,1
1212,289405.35396315274,241263.58553508486,0.0,0.0,1,1
1213,289405.35396315274,241263.58553508486,0.0,0.0,1,1
1214,289371.35396315274,241263.58553508486,0.0,0.0,1,1
1215,289547.5368561358,241263.58553508486,0.0,0.0,1,1
1216,289547.5368561358,241263.58553508486,0.0,0.0,1,1
1217,289547.5368561358,241263.58553508486,0.0,0.0,1,1
1218,289547.5368561358,241263.58553508486,0.0,0.0,1,1
1219,289547.5368561358,241263.58553508486,0.0,0.0,1,1
1220,289547.5368561358,241263.58553508486,0.0,0.0,1,1
1221,289547.5368561358,241263.58553508486,0.0,0.0,1,1
1222,287767.0368561358,241263.58553508486,0.0,0.0,1,1
1223,287582.85396315274,241263.58553508486,0.0,0.0,1,1
1224,287582.85396315274,241263.58553508486,0.0,0.0,1,1
1225,287582.85396315274,241263.58553508486,0.0,0.0,1,1
1226,287582.85396315274,241263.58553508486,0.0,0.0,1,1
1227,287582.85396315274,241263.58553508486,0.0,0.0,1,1
1228,287582.85396315274,241263.58553508486,0.0,0.0,1,1
1229,287582.85396315274,241263.58553508486,0.0,0.0,1,1
1230,287582.85396315274,241263.58553508486,0.0,0.0,1,1
1231,287582.85396315274,241263.58553508486,0.0,0.0,1,1
1232,287582.85396315274,241263.58553508486,0.0,0.0,1,1
1233,287582.85396315274,241263.58553508486,0.0,0.0,1,1
1234,287582.85396315274,241263.58553508486,0.0,0.0,1,1
1235,287582.85396315274,241263.58553508486,0.0,0.0,1,1
1236,286595.51251666126,241263.58553508486,0.0,0.0,1,1
1237,286595.51251666126,241263.58553508486,0.0,0.0,1,1
1238,286595.51251666126,241263.58553508486,0.0,0.0,1,1
1239,286595.51251666126,241263.58553508486,0.0,0.0,1,1
1240,286595.51251666126,241263.58553508486,0.0,0.0,1,1
1241,286595.51251666126,241263.58553508486,0.0,0.0,1,1
1242,286595.51251666126,241263.58553508486,0.0,0.0,1,1
1243,286595.51251666126,241263.58553508486,0.0,0.0,1,1
1244,286595.51251666126,241263.58553508486,0.0,0.0,1,1
1245,286595.51251666126,241263.58553508486,0.0,0.0,1,1
1246,286595.51251666126,241263.58553508486,0.0,0.0,1,1
1247,286072.51251666126,241263.58553508486,0.0,0.0,1,1
1248,286072.51251666126,241263.58553508486,0.0,0.0,1,1
1249,284868.51251666126,241263.58553508486,0.0,0.0,1,1
1250,284868.51251666126,241263.58553508486,0.0,0.0,1,1
1251,284868.51251666126,241263.58553508486,0.0,0.0,1,1
1252,285446.01251666126,241263.58553508486,0.0,0.0,1,1
1253,285446.01251666126,241263.58553508486,0.0,0.0,1,1
1254,285446.01251666126,241263.58553508486,0.0,0.0,1,1
1255,285446.01251666126,241263.58553508486,0.0,0.0,1,1
1256,285446.01251666126,241263.58553508486,0.0,0.0,1,1
1257,285446.01251666126,241263.58553508486,0.0,0.0,1,1
1258,285446.01251666126,241263.58553508486,0.0,0.0,1,1
1259,285446.01251666126,241263.58553508486,0.0,0.0,1,1
1260,285623.01251666126,241263.58553508486,0.0,0.0,1,1
1261,285623.01251666126,241263.58553508486,0.0,0.0,1,1
1262,285623.01251666126,241263.58553508486,0.0,0.0,1,1
1263,285623.01251666126,241263.58553508486,0.0,0.0,1,1
1264,285814.01251666126,241263.58553508486,0.0,0.0,1,1
1265,285814.01251666126,241263.58553508486,0.0,0.0,1,1
1266,285814.01251666126,241263.58553508486,0.0,0.0,1,1
1267,285341.82962367823,241263.58553508486,0.0,0.0,1,1
1268,285289.51251666126,241263.58553508486,0.0,0.0,1,1
1269,285289.51251666126,241263.58553508486,0.0,0.0,1,1
1270,287504.1954096443,241263.58553508486,0.0,0.0,1,1
1271,287504.1954096443,241263.58553508486,0.0,0.0,1,1
1272,287504.1954096443,241263.58553508486,0.0,0.0,1,1
1273,287504.1954096443,241263.58553508486,0.0,0.0,1,1
1274,285897.51251666126,241263.58553508486,0.0,0.0,1,1
1275,285897.51251666126,241263.58553508486,0.0,0.0,1,1
1276,286203.1710701698,241263.58553508486,0.0,0.0,1,1
1277,286203.1710701698,241263.58553508486,0.0,0.0,1,1
1278,286203.1710701698,241263.58553508486,0.0,0.0,1,1
1279,286203.1710701698,241263.58553508486,0.0,0.0,1,1
1280,286203.1710701698,241263.58553508486,0.0,0.0,1,1
1281,286203.1710701698,241263.58553508486,0.0,0.0,1,1
1282,286203.1710701698,241263.58553508486,0.0,0.0,1,1
1283,285034.01251666126,241263.58553508486,0.0,0.0,1,1
1284,285200.1954096443,241263.58553508486,0.0,0.0,1,1
1285,285024.1954096443,241263.58553508486,0.0,0.0,1,1
1286,284659.1954096443,241263.58553508486,0.0,0.0,1,1
1287,284659.1954096443,241263.58553508486,0.0,0.0,1,1
1288,284659.1954096443,241263.58553508486,0.0,0.0,1,1
1289,284659.1954096443,241263.58553508486,0.0,0.0,1,1
1290,284659.1954096443,241263.58553508486,0.0,0.0,1,1
1291,284659.1954096443,241263.58553508486,0.0,0.0,1,1
1292,284659.1954096443,241263.58553508486,0.0,0.0,1,1
1293,284659.1954096443,241263.58553508486,0.0,0.0,1,1
1294,284164.8783026273,241263.58553508486,0.0,0.0,1,1
1295,284164.8783026273,241263.58553508486,0.0,0.0,1,1
1296,284119.6467306952,241263.58553508486,0.0,0.0,1,1
1297,282809.82962367823,241263.58553508486,0.0,0.0,1,1
1298,282809.82962367823,241263.58553508486,0.0,0.0,1,1
1299,283347.32962367823,241263.58553508486,0.0,0.0,1,1
1300,283347.32962367823,241263.58553508486,0.0,0.0,1,1
1301,283347.32962367823,241263.58553508486,0.0,0.0,1,1
1302,283347.32962367823,241263.58553508486,0.0,0.0,1,1
1303,283347.32962367823,241263.58553508486,0.0,0.0,1,1
1304,283347.32962367823,241263.58553508486,0.0,0.0,1,1
1305,283347.32962367823,241263.58553508486,0.0,0.0,1,1
1306,283347.32962367823,241263.58553508486,0.0,0.0,1,1
1307,283347.32962367823,241263.58553508486,0.0,0.0,1,1
1308,283347.32962367823,241263.58553508486,0.0,0.0,1,1
1309,283347.32962367823,241263.58553508486,0.0,0.0,1,1
1310,283347.32962367823,241263.58553508486,0.0,0.0,1,1
1311,283347.32962367823,241263.58553508486,0.0,0.0,1,1
1312,283347.32962367823,241263.58553508486,0.0,0.0,1,1
1313,283347.32962367823,241263.58553508486,0.0,0.0,1,1
1314,283347.32962367823,241263.58553508486,0.0,0.0,1,1
1315,283347.32962367823,241263.58553508486,0.0,0.0,1,1
1316,283347.32962367823,241263.58553508486,0.0,0.0,1,1
1317,283399.3783026273,241263.58553508486,0.0,0.0,1,1
1318,283274.8783026273,241263.58553508486,0.0,0.0,1,1
1319,283274.8783026273,241263.58553508486,0.0,0.0,1,1
1320,283274.8783026273,241263.58553508486,0.0,0.0,1,1
1321,283274.8783026273,241263.58553508486,0.0,0.0,1,1
1322,283274.8783026273,241263.58553508486,0.0,0.0,1,1
1323,283274.8783026273,241263.58553508486,0.0,0.0,1,1
1324,283274.8783026273,241263.58553508486,0.0,0.0,1,1
1325,283274.8783026273,241263.58553508486,0.0,0.0,1,1
1326,283647.3783026273,241263.58553508486,0.0,0.0,1,1
1327,283647.3783026273,241263.58553508486,0.0,0.0,1,1
1328,283736.8783026273,241263.58553508486,0.0,0.0,1,1
1329,283736.8783026273,241263.58553508486,0.0,0.0,1,1
1330,283343.40264210186,241263.58553508486,0.0,0.0,1,1
1331,283597.40264210186,241263.58553508486,0.0,0.0,1,1
1332,283525.13421403395,241263.58553508486,0.0,0.0,1,1
1333,283525.13421403395,241263.58553508486,0.0,0.0,1,1
1334,283525.13421403395,241263.58553508486,0.0,0.0,1,1
1335,283802.6098745594,241263.58553508486,0.0,0.0,1,1
1336,283802.6098745594,241263.58553508486,0.0,0.0,1,1
1337,283802.6098745594,241263.58553508486,0.0,0.0,1,1
1338,283761.1098745594,241263.58553508486,0.0,0.0,1,1
1339,283548.6098745594,241263.58553508486,0.0,0.0,1,1
1340,283548.6098745594,241263.58553508486,0.0,0.0,1,1
1341,284472.47566052544,241263.58553508486,0.0,0.0,1,1
1342,284472.47566052544,241263.58553508486,0.0,0.0,1,1
1343,284472.47566052544,241263.58553508486,0.0,0.0,1,1
1344,284472.47566052544,241263.58553508486,0.0,0.0,1,1
1345,284472.47566052544,241263.58553508486,0.0,0.0,1,1
1346,286144.15855350846,241263.58553508486,0.0,0.0,1,1
1347,286144.15855350846,241263.58553508486,0.0,0.0,1,1
1348,286091.15855350846,241263.58553508486,0.0,0.0,1,1
1349,286091.15855350846,241263.58553508486,0.0,0.0,1,1
1350,286091.15855350846,241263.58553508486,0.0,0.0,1,1
